,Total time taken (s),Weight (g),Status
0,0.4683732459998282,377.3972972972973,Mail Detected
0,0.4683732459998282,0.17297297297297298,Mail Removed
